,Year,Dwl,Upl
0,2011,14.5466756872,4.97534425465
1,2012,17.1637832723,6.35772371344
2,2013,21.8921059681,9.08655766944
3,2014,36.282514478,16.7740106258
4,2015,43.7992796888,22.1296268015
5,2016,52.3693018453,28.8318891345
