,Year,Dwl,Upl
0,2011,16.2397706308,4.95341385879
1,2012,19.053030507,6.43198876886
2,2013,24.0488984658,8.97224679362
3,2014,35.8573389457,15.7898131764
4,2015,45.2656713558,21.2487447016
5,2016,54.6279449338,27.4423619827
